valid_date,region_name,forecast_lead_days,forecast_source,analysis_source,forecast_run_timestamp_utc,mesh_profile,mesh_point_count,verification_aggregation_policy,verification_aggregation_mode,grid_lat_count,grid_lon_count,forecast_mean_score,analysis_mean_score,score_bias_mean,score_mae,score_rmse,score_max_abs_diff,exact_category_agreement_fraction,near_category_agreement_fraction,category_disagreement_fraction,high_comfort_analysis_cell_count,high_comfort_forecast_cell_count,missed_high_comfort_cell_count,false_high_comfort_cell_count,high_comfort_precision,high_comfort_recall,forecast_poor_count,forecast_fair_count,forecast_pleasant_count,forecast_ideal_count,analysis_poor_count,analysis_fair_count,analysis_pleasant_count,temp_bias_mean,temp_mae,dewpoint_bias_mean,dewpoint_mae,wind_bias_mean,wind_mae,cloud_bias_mean,cloud_mae,precip_bias_mean,precip_mae,interaction_bias_mean,interaction_mae,hazard_penalty_bias_mean,hazard_penalty_mae,best_3hr_bias_mean,best_3hr_mae,best_6hr_bias_mean,best_6hr_mae,daytime_weighted_mean_bias_mean,daytime_weighted_mean_mae,reliability_score_bias_mean,reliability_score_mae,disruption_penalty_bias_mean,disruption_penalty_mae,benchmark_tier,build_source,region,date,status,forecast_score_map_path,analysis_score_map_path,score_difference_map_path,absolute_error_map_path,category_disagreement_map_path,missed_high_comfort_map_path,false_high_comfort_map_path,forecast_daily_fields_path,analysis_daily_fields_path,summary_csv_path,point_metrics_csv_path,component_metrics_csv_path,request_summary_csv_path,request_detail_csv_path,analysis_ideal_count,passes_mae_threshold,passes_near_category_threshold,passes_bias_threshold,passes_benchmark_thresholds,benchmark_threshold_status,threshold_score_mae_max,threshold_near_category_agreement_min,threshold_abs_score_bias_mean_max,score_mae_excess,near_category_agreement_shortfall,abs_score_bias_mean_excess,improvement_priority_score
2025-01-15,southeast,1,Open-Meteo Previous Runs (gfs_seamless),noaa urma,2025-01-14T12:00,standard,42,experimental_all_leads_softer,very_soft_reliability,6,7,52.09,48.2,3.88,7.37,10.3,29.47,0.4286,0.9286,0.5714,0,4,0,4,0.0,,13,16,9.0,4.0,19,15,8.0,-0.052,1.913,0.971,1.506,-0.772,1.071,-0.273,1.824,1.16,1.576,-0.349,0.826,-0.155,0.553,1.385,5.329,2.502,5.585,3.257,6.38,4.468,7.049,-1.25,1.773,focused-mae,fresh,southeast,2025-01-15,ok,/home/runner/work/comfort_index/comfort_index/output/comfortwx_verify_southeast_gfs_seamless_noaa_urma_rtma_d1_policy_experimental_all_leads_softer_forecast_score_20250115.png,/home/runner/work/comfort_index/comfort_index/output/comfortwx_verify_southeast_gfs_seamless_noaa_urma_rtma_d1_policy_experimental_all_leads_softer_analysis_score_20250115.png,/home/runner/work/comfort_index/comfort_index/output/comfortwx_verify_southeast_gfs_seamless_noaa_urma_rtma_d1_policy_experimental_all_leads_softer_score_diff_20250115.png,/home/runner/work/comfort_index/comfort_index/output/comfortwx_verify_southeast_gfs_seamless_noaa_urma_rtma_d1_policy_experimental_all_leads_softer_absolute_error_20250115.png,/home/runner/work/comfort_index/comfort_index/output/comfortwx_verify_southeast_gfs_seamless_noaa_urma_rtma_d1_policy_experimental_all_leads_softer_category_disagreement_20250115.png,/home/runner/work/comfort_index/comfort_index/output/comfortwx_verify_southeast_gfs_seamless_noaa_urma_rtma_d1_policy_experimental_all_leads_softer_missed_high_comfort_20250115.png,/home/runner/work/comfort_index/comfort_index/output/comfortwx_verify_southeast_gfs_seamless_noaa_urma_rtma_d1_policy_experimental_all_leads_softer_false_high_comfort_20250115.png,/home/runner/work/comfort_index/comfort_index/output/comfortwx_verify_southeast_gfs_seamless_noaa_urma_rtma_d1_policy_experimental_all_leads_softer_forecast_daily_fields_20250115.nc,/home/runner/work/comfort_index/comfort_index/output/comfortwx_verify_southeast_gfs_seamless_noaa_urma_rtma_d1_policy_experimental_all_leads_softer_analysis_daily_fields_20250115.nc,/home/runner/work/comfort_index/comfort_index/output/comfortwx_verify_southeast_gfs_seamless_noaa_urma_rtma_d1_policy_experimental_all_leads_softer_summary_20250115.csv,/home/runner/work/comfort_index/comfort_index/output/comfortwx_verify_southeast_gfs_seamless_noaa_urma_rtma_d1_policy_experimental_all_leads_softer_points_20250115.csv,/home/runner/work/comfort_index/comfort_index/output/comfortwx_verify_southeast_gfs_seamless_noaa_urma_rtma_d1_policy_experimental_all_leads_softer_components_20250115.csv,/home/runner/work/comfort_index/comfort_index/output/comfortwx_verify_southeast_gfs_seamless_noaa_urma_rtma_d1_policy_experimental_all_leads_softer_20250115_openmeteo_request_summary.csv,/home/runner/work/comfort_index/comfort_index/output/comfortwx_verify_southeast_gfs_seamless_noaa_urma_rtma_d1_policy_experimental_all_leads_softer_20250115_openmeteo_request_detail.csv,,True,True,True,True,pass,8.0,0.9,5.0,0.0,0.0,0.0,0.0
2025-01-15,southeast,2,Open-Meteo Previous Runs (gfs_seamless),noaa urma,2025-01-13T12:00,standard,42,experimental_all_leads_softer,very_soft_reliability,6,7,50.88,48.2,2.67,7.06,9.27,25.05,0.4524,0.9524,0.5476,0,6,0,6,0.0,,12,18,6.0,6.0,19,15,8.0,-0.246,2.1,0.364,1.426,0.09,1.014,-0.805,1.805,0.673,1.146,-0.653,0.894,-0.37,0.463,-0.28,5.975,1.113,6.025,2.268,6.167,3.591,7.359,-1.002,1.152,focused-mae,fresh,southeast,2025-01-15,ok,/home/runner/work/comfort_index/comfort_index/output/comfortwx_verify_southeast_gfs_seamless_noaa_urma_rtma_d2_policy_experimental_all_leads_softer_forecast_score_20250115.png,/home/runner/work/comfort_index/comfort_index/output/comfortwx_verify_southeast_gfs_seamless_noaa_urma_rtma_d2_policy_experimental_all_leads_softer_analysis_score_20250115.png,/home/runner/work/comfort_index/comfort_index/output/comfortwx_verify_southeast_gfs_seamless_noaa_urma_rtma_d2_policy_experimental_all_leads_softer_score_diff_20250115.png,/home/runner/work/comfort_index/comfort_index/output/comfortwx_verify_southeast_gfs_seamless_noaa_urma_rtma_d2_policy_experimental_all_leads_softer_absolute_error_20250115.png,/home/runner/work/comfort_index/comfort_index/output/comfortwx_verify_southeast_gfs_seamless_noaa_urma_rtma_d2_policy_experimental_all_leads_softer_category_disagreement_20250115.png,/home/runner/work/comfort_index/comfort_index/output/comfortwx_verify_southeast_gfs_seamless_noaa_urma_rtma_d2_policy_experimental_all_leads_softer_missed_high_comfort_20250115.png,/home/runner/work/comfort_index/comfort_index/output/comfortwx_verify_southeast_gfs_seamless_noaa_urma_rtma_d2_policy_experimental_all_leads_softer_false_high_comfort_20250115.png,/home/runner/work/comfort_index/comfort_index/output/comfortwx_verify_southeast_gfs_seamless_noaa_urma_rtma_d2_policy_experimental_all_leads_softer_forecast_daily_fields_20250115.nc,/home/runner/work/comfort_index/comfort_index/output/comfortwx_verify_southeast_gfs_seamless_noaa_urma_rtma_d2_policy_experimental_all_leads_softer_analysis_daily_fields_20250115.nc,/home/runner/work/comfort_index/comfort_index/output/comfortwx_verify_southeast_gfs_seamless_noaa_urma_rtma_d2_policy_experimental_all_leads_softer_summary_20250115.csv,/home/runner/work/comfort_index/comfort_index/output/comfortwx_verify_southeast_gfs_seamless_noaa_urma_rtma_d2_policy_experimental_all_leads_softer_points_20250115.csv,/home/runner/work/comfort_index/comfort_index/output/comfortwx_verify_southeast_gfs_seamless_noaa_urma_rtma_d2_policy_experimental_all_leads_softer_components_20250115.csv,/home/runner/work/comfort_index/comfort_index/output/comfortwx_verify_southeast_gfs_seamless_noaa_urma_rtma_d2_policy_experimental_all_leads_softer_20250115_openmeteo_request_summary.csv,/home/runner/work/comfort_index/comfort_index/output/comfortwx_verify_southeast_gfs_seamless_noaa_urma_rtma_d2_policy_experimental_all_leads_softer_20250115_openmeteo_request_detail.csv,,True,True,True,True,pass,8.75,0.88,5.5,0.0,0.0,0.0,0.0
2025-01-15,southeast,3,Open-Meteo Previous Runs (gfs_seamless),noaa urma,2025-01-12T12:00,standard,42,experimental_all_leads_softer,very_soft_reliability,6,7,51.85,48.2,3.65,7.4,10.27,31.52,0.5,0.9048,0.5,0,5,0,5,0.0,,11,19,7.0,5.0,19,15,8.0,0.012,1.391,-0.066,1.612,0.777,1.697,-0.986,2.016,0.896,1.64,-0.75,1.014,-0.464,0.52,0.328,6.025,1.996,5.705,2.952,6.348,3.626,8.018,-1.384,1.533,focused-mae,fresh,southeast,2025-01-15,ok,/home/runner/work/comfort_index/comfort_index/output/comfortwx_verify_southeast_gfs_seamless_noaa_urma_rtma_d3_policy_experimental_all_leads_softer_forecast_score_20250115.png,/home/runner/work/comfort_index/comfort_index/output/comfortwx_verify_southeast_gfs_seamless_noaa_urma_rtma_d3_policy_experimental_all_leads_softer_analysis_score_20250115.png,/home/runner/work/comfort_index/comfort_index/output/comfortwx_verify_southeast_gfs_seamless_noaa_urma_rtma_d3_policy_experimental_all_leads_softer_score_diff_20250115.png,/home/runner/work/comfort_index/comfort_index/output/comfortwx_verify_southeast_gfs_seamless_noaa_urma_rtma_d3_policy_experimental_all_leads_softer_absolute_error_20250115.png,/home/runner/work/comfort_index/comfort_index/output/comfortwx_verify_southeast_gfs_seamless_noaa_urma_rtma_d3_policy_experimental_all_leads_softer_category_disagreement_20250115.png,/home/runner/work/comfort_index/comfort_index/output/comfortwx_verify_southeast_gfs_seamless_noaa_urma_rtma_d3_policy_experimental_all_leads_softer_missed_high_comfort_20250115.png,/home/runner/work/comfort_index/comfort_index/output/comfortwx_verify_southeast_gfs_seamless_noaa_urma_rtma_d3_policy_experimental_all_leads_softer_false_high_comfort_20250115.png,/home/runner/work/comfort_index/comfort_index/output/comfortwx_verify_southeast_gfs_seamless_noaa_urma_rtma_d3_policy_experimental_all_leads_softer_forecast_daily_fields_20250115.nc,/home/runner/work/comfort_index/comfort_index/output/comfortwx_verify_southeast_gfs_seamless_noaa_urma_rtma_d3_policy_experimental_all_leads_softer_analysis_daily_fields_20250115.nc,/home/runner/work/comfort_index/comfort_index/output/comfortwx_verify_southeast_gfs_seamless_noaa_urma_rtma_d3_policy_experimental_all_leads_softer_summary_20250115.csv,/home/runner/work/comfort_index/comfort_index/output/comfortwx_verify_southeast_gfs_seamless_noaa_urma_rtma_d3_policy_experimental_all_leads_softer_points_20250115.csv,/home/runner/work/comfort_index/comfort_index/output/comfortwx_verify_southeast_gfs_seamless_noaa_urma_rtma_d3_policy_experimental_all_leads_softer_components_20250115.csv,/home/runner/work/comfort_index/comfort_index/output/comfortwx_verify_southeast_gfs_seamless_noaa_urma_rtma_d3_policy_experimental_all_leads_softer_20250115_openmeteo_request_summary.csv,/home/runner/work/comfort_index/comfort_index/output/comfortwx_verify_southeast_gfs_seamless_noaa_urma_rtma_d3_policy_experimental_all_leads_softer_20250115_openmeteo_request_detail.csv,,True,True,True,True,pass,9.5,0.86,6.0,0.0,0.0,0.0,0.0
2025-01-15,southeast,7,Open-Meteo Previous Runs (gfs_seamless),noaa urma,2025-01-08T12:00,standard,42,experimental_all_leads_softer,very_soft_reliability,6,7,47.86,48.2,-0.34,8.8,12.02,28.05,0.5238,0.9286,0.4762,0,1,0,1,0.0,,21,11,9.0,1.0,19,15,8.0,-2.895,4.008,2.045,2.721,-0.685,1.618,-1.69,2.48,0.893,1.875,-1.763,1.904,0.161,0.951,-2.746,7.464,-1.667,7.542,-1.759,8.115,-0.332,8.733,-1.287,1.725,focused-mae,fresh,southeast,2025-01-15,ok,/home/runner/work/comfort_index/comfort_index/output/comfortwx_verify_southeast_gfs_seamless_noaa_urma_rtma_d7_policy_experimental_all_leads_softer_forecast_score_20250115.png,/home/runner/work/comfort_index/comfort_index/output/comfortwx_verify_southeast_gfs_seamless_noaa_urma_rtma_d7_policy_experimental_all_leads_softer_analysis_score_20250115.png,/home/runner/work/comfort_index/comfort_index/output/comfortwx_verify_southeast_gfs_seamless_noaa_urma_rtma_d7_policy_experimental_all_leads_softer_score_diff_20250115.png,/home/runner/work/comfort_index/comfort_index/output/comfortwx_verify_southeast_gfs_seamless_noaa_urma_rtma_d7_policy_experimental_all_leads_softer_absolute_error_20250115.png,/home/runner/work/comfort_index/comfort_index/output/comfortwx_verify_southeast_gfs_seamless_noaa_urma_rtma_d7_policy_experimental_all_leads_softer_category_disagreement_20250115.png,/home/runner/work/comfort_index/comfort_index/output/comfortwx_verify_southeast_gfs_seamless_noaa_urma_rtma_d7_policy_experimental_all_leads_softer_missed_high_comfort_20250115.png,/home/runner/work/comfort_index/comfort_index/output/comfortwx_verify_southeast_gfs_seamless_noaa_urma_rtma_d7_policy_experimental_all_leads_softer_false_high_comfort_20250115.png,/home/runner/work/comfort_index/comfort_index/output/comfortwx_verify_southeast_gfs_seamless_noaa_urma_rtma_d7_policy_experimental_all_leads_softer_forecast_daily_fields_20250115.nc,/home/runner/work/comfort_index/comfort_index/output/comfortwx_verify_southeast_gfs_seamless_noaa_urma_rtma_d7_policy_experimental_all_leads_softer_analysis_daily_fields_20250115.nc,/home/runner/work/comfort_index/comfort_index/output/comfortwx_verify_southeast_gfs_seamless_noaa_urma_rtma_d7_policy_experimental_all_leads_softer_summary_20250115.csv,/home/runner/work/comfort_index/comfort_index/output/comfortwx_verify_southeast_gfs_seamless_noaa_urma_rtma_d7_policy_experimental_all_leads_softer_points_20250115.csv,/home/runner/work/comfort_index/comfort_index/output/comfortwx_verify_southeast_gfs_seamless_noaa_urma_rtma_d7_policy_experimental_all_leads_softer_components_20250115.csv,/home/runner/work/comfort_index/comfort_index/output/comfortwx_verify_southeast_gfs_seamless_noaa_urma_rtma_d7_policy_experimental_all_leads_softer_20250115_openmeteo_request_summary.csv,/home/runner/work/comfort_index/comfort_index/output/comfortwx_verify_southeast_gfs_seamless_noaa_urma_rtma_d7_policy_experimental_all_leads_softer_20250115_openmeteo_request_detail.csv,,True,True,True,True,pass,11.5,0.83,7.0,0.0,0.0,0.0,0.0
2025-03-20,southeast,1,Open-Meteo Previous Runs (gfs_seamless),noaa urma,2025-03-19T12:00,standard,42,experimental_all_leads_softer,very_soft_reliability,6,7,57.05,56.34,0.72,7.4,9.58,32.95,0.5714,0.9048,0.4286,5,8,2,5,0.375,0.6,11,10,13.0,8.0,12,13,12.0,-0.038,2.525,0.861,2.974,-0.597,1.078,-1.103,1.511,0.581,0.824,-1.139,1.288,1.304,1.589,-0.077,6.122,-0.011,6.425,-0.185,6.642,2.671,9.806,-0.316,0.988,focused-mae,fresh,southeast,2025-03-20,ok,/home/runner/work/comfort_index/comfort_index/output/comfortwx_verify_southeast_gfs_seamless_noaa_urma_rtma_d1_policy_experimental_all_leads_softer_forecast_score_20250320.png,/home/runner/work/comfort_index/comfort_index/output/comfortwx_verify_southeast_gfs_seamless_noaa_urma_rtma_d1_policy_experimental_all_leads_softer_analysis_score_20250320.png,/home/runner/work/comfort_index/comfort_index/output/comfortwx_verify_southeast_gfs_seamless_noaa_urma_rtma_d1_policy_experimental_all_leads_softer_score_diff_20250320.png,/home/runner/work/comfort_index/comfort_index/output/comfortwx_verify_southeast_gfs_seamless_noaa_urma_rtma_d1_policy_experimental_all_leads_softer_absolute_error_20250320.png,/home/runner/work/comfort_index/comfort_index/output/comfortwx_verify_southeast_gfs_seamless_noaa_urma_rtma_d1_policy_experimental_all_leads_softer_category_disagreement_20250320.png,/home/runner/work/comfort_index/comfort_index/output/comfortwx_verify_southeast_gfs_seamless_noaa_urma_rtma_d1_policy_experimental_all_leads_softer_missed_high_comfort_20250320.png,/home/runner/work/comfort_index/comfort_index/output/comfortwx_verify_southeast_gfs_seamless_noaa_urma_rtma_d1_policy_experimental_all_leads_softer_false_high_comfort_20250320.png,/home/runner/work/comfort_index/comfort_index/output/comfortwx_verify_southeast_gfs_seamless_noaa_urma_rtma_d1_policy_experimental_all_leads_softer_forecast_daily_fields_20250320.nc,/home/runner/work/comfort_index/comfort_index/output/comfortwx_verify_southeast_gfs_seamless_noaa_urma_rtma_d1_policy_experimental_all_leads_softer_analysis_daily_fields_20250320.nc,/home/runner/work/comfort_index/comfort_index/output/comfortwx_verify_southeast_gfs_seamless_noaa_urma_rtma_d1_policy_experimental_all_leads_softer_summary_20250320.csv,/home/runner/work/comfort_index/comfort_index/output/comfortwx_verify_southeast_gfs_seamless_noaa_urma_rtma_d1_policy_experimental_all_leads_softer_points_20250320.csv,/home/runner/work/comfort_index/comfort_index/output/comfortwx_verify_southeast_gfs_seamless_noaa_urma_rtma_d1_policy_experimental_all_leads_softer_components_20250320.csv,/home/runner/work/comfort_index/comfort_index/output/comfortwx_verify_southeast_gfs_seamless_noaa_urma_rtma_d1_policy_experimental_all_leads_softer_20250320_openmeteo_request_summary.csv,/home/runner/work/comfort_index/comfort_index/output/comfortwx_verify_southeast_gfs_seamless_noaa_urma_rtma_d1_policy_experimental_all_leads_softer_20250320_openmeteo_request_detail.csv,5.0,True,True,True,True,pass,8.0,0.9,5.0,0.0,0.0,0.0,0.0
2025-03-20,southeast,2,Open-Meteo Previous Runs (gfs_seamless),noaa urma,2025-03-18T12:00,standard,42,experimental_all_leads_softer,very_soft_reliability,6,7,58.46,56.34,2.13,10.09,12.87,42.21,0.4286,0.9286,0.5714,5,11,3,9,0.1818,0.4,11,8,12.0,11.0,12,13,12.0,0.599,2.743,1.666,2.664,-0.073,1.097,-1.166,1.495,-0.642,1.319,-0.966,1.191,0.021,1.212,1.636,7.249,1.72,8.125,1.94,8.406,5.782,13.454,0.376,1.456,focused-mae,fresh,southeast,2025-03-20,ok,/home/runner/work/comfort_index/comfort_index/output/comfortwx_verify_southeast_gfs_seamless_noaa_urma_rtma_d2_policy_experimental_all_leads_softer_forecast_score_20250320.png,/home/runner/work/comfort_index/comfort_index/output/comfortwx_verify_southeast_gfs_seamless_noaa_urma_rtma_d2_policy_experimental_all_leads_softer_analysis_score_20250320.png,/home/runner/work/comfort_index/comfort_index/output/comfortwx_verify_southeast_gfs_seamless_noaa_urma_rtma_d2_policy_experimental_all_leads_softer_score_diff_20250320.png,/home/runner/work/comfort_index/comfort_index/output/comfortwx_verify_southeast_gfs_seamless_noaa_urma_rtma_d2_policy_experimental_all_leads_softer_absolute_error_20250320.png,/home/runner/work/comfort_index/comfort_index/output/comfortwx_verify_southeast_gfs_seamless_noaa_urma_rtma_d2_policy_experimental_all_leads_softer_category_disagreement_20250320.png,/home/runner/work/comfort_index/comfort_index/output/comfortwx_verify_southeast_gfs_seamless_noaa_urma_rtma_d2_policy_experimental_all_leads_softer_missed_high_comfort_20250320.png,/home/runner/work/comfort_index/comfort_index/output/comfortwx_verify_southeast_gfs_seamless_noaa_urma_rtma_d2_policy_experimental_all_leads_softer_false_high_comfort_20250320.png,/home/runner/work/comfort_index/comfort_index/output/comfortwx_verify_southeast_gfs_seamless_noaa_urma_rtma_d2_policy_experimental_all_leads_softer_forecast_daily_fields_20250320.nc,/home/runner/work/comfort_index/comfort_index/output/comfortwx_verify_southeast_gfs_seamless_noaa_urma_rtma_d2_policy_experimental_all_leads_softer_analysis_daily_fields_20250320.nc,/home/runner/work/comfort_index/comfort_index/output/comfortwx_verify_southeast_gfs_seamless_noaa_urma_rtma_d2_policy_experimental_all_leads_softer_summary_20250320.csv,/home/runner/work/comfort_index/comfort_index/output/comfortwx_verify_southeast_gfs_seamless_noaa_urma_rtma_d2_policy_experimental_all_leads_softer_points_20250320.csv,/home/runner/work/comfort_index/comfort_index/output/comfortwx_verify_southeast_gfs_seamless_noaa_urma_rtma_d2_policy_experimental_all_leads_softer_components_20250320.csv,/home/runner/work/comfort_index/comfort_index/output/comfortwx_verify_southeast_gfs_seamless_noaa_urma_rtma_d2_policy_experimental_all_leads_softer_20250320_openmeteo_request_summary.csv,/home/runner/work/comfort_index/comfort_index/output/comfortwx_verify_southeast_gfs_seamless_noaa_urma_rtma_d2_policy_experimental_all_leads_softer_20250320_openmeteo_request_detail.csv,5.0,False,True,True,False,warn,8.75,0.88,5.5,1.3399999999999999,0.0,0.0,4.02
2025-03-20,southeast,3,Open-Meteo Previous Runs (gfs_seamless),noaa urma,2025-03-17T12:00,standard,42,experimental_all_leads_softer,very_soft_reliability,6,7,58.47,56.34,2.13,10.01,12.72,39.24,0.4286,0.9048,0.5714,5,9,2,6,0.3333,0.6,12,8,13.0,9.0,12,13,12.0,0.371,3.549,1.427,2.639,-0.09,1.21,-1.235,1.774,-0.485,1.31,-1.01,1.275,0.4,1.385,1.975,8.141,2.005,8.995,1.128,8.535,4.358,13.312,0.011,1.3,focused-mae,fresh,southeast,2025-03-20,ok,/home/runner/work/comfort_index/comfort_index/output/comfortwx_verify_southeast_gfs_seamless_noaa_urma_rtma_d3_policy_experimental_all_leads_softer_forecast_score_20250320.png,/home/runner/work/comfort_index/comfort_index/output/comfortwx_verify_southeast_gfs_seamless_noaa_urma_rtma_d3_policy_experimental_all_leads_softer_analysis_score_20250320.png,/home/runner/work/comfort_index/comfort_index/output/comfortwx_verify_southeast_gfs_seamless_noaa_urma_rtma_d3_policy_experimental_all_leads_softer_score_diff_20250320.png,/home/runner/work/comfort_index/comfort_index/output/comfortwx_verify_southeast_gfs_seamless_noaa_urma_rtma_d3_policy_experimental_all_leads_softer_absolute_error_20250320.png,/home/runner/work/comfort_index/comfort_index/output/comfortwx_verify_southeast_gfs_seamless_noaa_urma_rtma_d3_policy_experimental_all_leads_softer_category_disagreement_20250320.png,/home/runner/work/comfort_index/comfort_index/output/comfortwx_verify_southeast_gfs_seamless_noaa_urma_rtma_d3_policy_experimental_all_leads_softer_missed_high_comfort_20250320.png,/home/runner/work/comfort_index/comfort_index/output/comfortwx_verify_southeast_gfs_seamless_noaa_urma_rtma_d3_policy_experimental_all_leads_softer_false_high_comfort_20250320.png,/home/runner/work/comfort_index/comfort_index/output/comfortwx_verify_southeast_gfs_seamless_noaa_urma_rtma_d3_policy_experimental_all_leads_softer_forecast_daily_fields_20250320.nc,/home/runner/work/comfort_index/comfort_index/output/comfortwx_verify_southeast_gfs_seamless_noaa_urma_rtma_d3_policy_experimental_all_leads_softer_analysis_daily_fields_20250320.nc,/home/runner/work/comfort_index/comfort_index/output/comfortwx_verify_southeast_gfs_seamless_noaa_urma_rtma_d3_policy_experimental_all_leads_softer_summary_20250320.csv,/home/runner/work/comfort_index/comfort_index/output/comfortwx_verify_southeast_gfs_seamless_noaa_urma_rtma_d3_policy_experimental_all_leads_softer_points_20250320.csv,/home/runner/work/comfort_index/comfort_index/output/comfortwx_verify_southeast_gfs_seamless_noaa_urma_rtma_d3_policy_experimental_all_leads_softer_components_20250320.csv,/home/runner/work/comfort_index/comfort_index/output/comfortwx_verify_southeast_gfs_seamless_noaa_urma_rtma_d3_policy_experimental_all_leads_softer_20250320_openmeteo_request_summary.csv,/home/runner/work/comfort_index/comfort_index/output/comfortwx_verify_southeast_gfs_seamless_noaa_urma_rtma_d3_policy_experimental_all_leads_softer_20250320_openmeteo_request_detail.csv,5.0,False,True,True,False,warn,9.5,0.86,6.0,0.5099999999999998,0.0,0.0,1.5299999999999994
2025-03-20,southeast,7,Open-Meteo Previous Runs (gfs_seamless),noaa urma,2025-03-13T12:00,standard,42,experimental_all_leads_softer,very_soft_reliability,6,7,56.51,56.34,0.18,11.47,16.06,56.34,0.4286,0.881,0.5714,5,7,3,5,0.2857,0.4,10,12,13.0,7.0,12,13,12.0,-0.689,5.017,-0.05,2.486,-0.307,1.909,-0.547,2.039,-0.043,0.99,-0.357,2.051,0.218,1.415,-0.362,9.343,-1.034,10.643,0.326,11.191,0.1,13.803,-0.423,1.578,focused-mae,fresh,southeast,2025-03-20,ok,/home/runner/work/comfort_index/comfort_index/output/comfortwx_verify_southeast_gfs_seamless_noaa_urma_rtma_d7_policy_experimental_all_leads_softer_forecast_score_20250320.png,/home/runner/work/comfort_index/comfort_index/output/comfortwx_verify_southeast_gfs_seamless_noaa_urma_rtma_d7_policy_experimental_all_leads_softer_analysis_score_20250320.png,/home/runner/work/comfort_index/comfort_index/output/comfortwx_verify_southeast_gfs_seamless_noaa_urma_rtma_d7_policy_experimental_all_leads_softer_score_diff_20250320.png,/home/runner/work/comfort_index/comfort_index/output/comfortwx_verify_southeast_gfs_seamless_noaa_urma_rtma_d7_policy_experimental_all_leads_softer_absolute_error_20250320.png,/home/runner/work/comfort_index/comfort_index/output/comfortwx_verify_southeast_gfs_seamless_noaa_urma_rtma_d7_policy_experimental_all_leads_softer_category_disagreement_20250320.png,/home/runner/work/comfort_index/comfort_index/output/comfortwx_verify_southeast_gfs_seamless_noaa_urma_rtma_d7_policy_experimental_all_leads_softer_missed_high_comfort_20250320.png,/home/runner/work/comfort_index/comfort_index/output/comfortwx_verify_southeast_gfs_seamless_noaa_urma_rtma_d7_policy_experimental_all_leads_softer_false_high_comfort_20250320.png,/home/runner/work/comfort_index/comfort_index/output/comfortwx_verify_southeast_gfs_seamless_noaa_urma_rtma_d7_policy_experimental_all_leads_softer_forecast_daily_fields_20250320.nc,/home/runner/work/comfort_index/comfort_index/output/comfortwx_verify_southeast_gfs_seamless_noaa_urma_rtma_d7_policy_experimental_all_leads_softer_analysis_daily_fields_20250320.nc,/home/runner/work/comfort_index/comfort_index/output/comfortwx_verify_southeast_gfs_seamless_noaa_urma_rtma_d7_policy_experimental_all_leads_softer_summary_20250320.csv,/home/runner/work/comfort_index/comfort_index/output/comfortwx_verify_southeast_gfs_seamless_noaa_urma_rtma_d7_policy_experimental_all_leads_softer_points_20250320.csv,/home/runner/work/comfort_index/comfort_index/output/comfortwx_verify_southeast_gfs_seamless_noaa_urma_rtma_d7_policy_experimental_all_leads_softer_components_20250320.csv,/home/runner/work/comfort_index/comfort_index/output/comfortwx_verify_southeast_gfs_seamless_noaa_urma_rtma_d7_policy_experimental_all_leads_softer_20250320_openmeteo_request_summary.csv,/home/runner/work/comfort_index/comfort_index/output/comfortwx_verify_southeast_gfs_seamless_noaa_urma_rtma_d7_policy_experimental_all_leads_softer_20250320_openmeteo_request_detail.csv,5.0,True,True,True,True,pass,11.5,0.83,7.0,0.0,0.0,0.0,0.0
2025-01-15,plains,1,Open-Meteo Previous Runs (gfs_seamless),noaa urma,2025-01-14T12:00,standard,104,experimental_all_leads_softer,very_soft_reliability,13,8,42.17,42.2,-0.03,6.45,9.18,31.7,0.7404,0.9327,0.2596,3,3,0,0,1.0,1.0,61,34,6.0,3.0,69,26,6.0,-0.651,1.337,0.028,0.553,0.013,1.268,-1.422,1.923,0.122,0.971,-1.389,1.931,0.339,1.18,0.511,5.793,0.246,5.954,-1.002,5.532,0.065,3.725,-0.102,1.541,focused-mae,fresh,plains,2025-01-15,ok,/home/runner/work/comfort_index/comfort_index/output/comfortwx_verify_plains_gfs_seamless_noaa_urma_rtma_d1_policy_experimental_all_leads_softer_forecast_score_20250115.png,/home/runner/work/comfort_index/comfort_index/output/comfortwx_verify_plains_gfs_seamless_noaa_urma_rtma_d1_policy_experimental_all_leads_softer_analysis_score_20250115.png,/home/runner/work/comfort_index/comfort_index/output/comfortwx_verify_plains_gfs_seamless_noaa_urma_rtma_d1_policy_experimental_all_leads_softer_score_diff_20250115.png,/home/runner/work/comfort_index/comfort_index/output/comfortwx_verify_plains_gfs_seamless_noaa_urma_rtma_d1_policy_experimental_all_leads_softer_absolute_error_20250115.png,/home/runner/work/comfort_index/comfort_index/output/comfortwx_verify_plains_gfs_seamless_noaa_urma_rtma_d1_policy_experimental_all_leads_softer_category_disagreement_20250115.png,/home/runner/work/comfort_index/comfort_index/output/comfortwx_verify_plains_gfs_seamless_noaa_urma_rtma_d1_policy_experimental_all_leads_softer_missed_high_comfort_20250115.png,/home/runner/work/comfort_index/comfort_index/output/comfortwx_verify_plains_gfs_seamless_noaa_urma_rtma_d1_policy_experimental_all_leads_softer_false_high_comfort_20250115.png,/home/runner/work/comfort_index/comfort_index/output/comfortwx_verify_plains_gfs_seamless_noaa_urma_rtma_d1_policy_experimental_all_leads_softer_forecast_daily_fields_20250115.nc,/home/runner/work/comfort_index/comfort_index/output/comfortwx_verify_plains_gfs_seamless_noaa_urma_rtma_d1_policy_experimental_all_leads_softer_analysis_daily_fields_20250115.nc,/home/runner/work/comfort_index/comfort_index/output/comfortwx_verify_plains_gfs_seamless_noaa_urma_rtma_d1_policy_experimental_all_leads_softer_summary_20250115.csv,/home/runner/work/comfort_index/comfort_index/output/comfortwx_verify_plains_gfs_seamless_noaa_urma_rtma_d1_policy_experimental_all_leads_softer_points_20250115.csv,/home/runner/work/comfort_index/comfort_index/output/comfortwx_verify_plains_gfs_seamless_noaa_urma_rtma_d1_policy_experimental_all_leads_softer_components_20250115.csv,/home/runner/work/comfort_index/comfort_index/output/comfortwx_verify_plains_gfs_seamless_noaa_urma_rtma_d1_policy_experimental_all_leads_softer_20250115_openmeteo_request_summary.csv,/home/runner/work/comfort_index/comfort_index/output/comfortwx_verify_plains_gfs_seamless_noaa_urma_rtma_d1_policy_experimental_all_leads_softer_20250115_openmeteo_request_detail.csv,3.0,True,True,True,True,pass,8.0,0.9,5.0,0.0,0.0,0.0,0.0
2025-01-15,plains,2,Open-Meteo Previous Runs (gfs_seamless),noaa urma,2025-01-13T12:00,standard,104,experimental_all_leads_softer,very_soft_reliability,13,8,40.08,42.2,-2.12,7.35,9.33,23.98,0.7115,0.9615,0.2885,3,4,0,1,0.75,1.0,62,36,2.0,4.0,69,26,6.0,-1.166,1.609,-0.093,0.74,0.472,1.404,-1.745,2.277,-0.425,1.137,-1.238,2.383,1.245,1.932,-0.87,6.67,-1.375,6.824,-2.784,6.907,-1.368,3.227,0.409,1.813,focused-mae,fresh,plains,2025-01-15,ok,/home/runner/work/comfort_index/comfort_index/output/comfortwx_verify_plains_gfs_seamless_noaa_urma_rtma_d2_policy_experimental_all_leads_softer_forecast_score_20250115.png,/home/runner/work/comfort_index/comfort_index/output/comfortwx_verify_plains_gfs_seamless_noaa_urma_rtma_d2_policy_experimental_all_leads_softer_analysis_score_20250115.png,/home/runner/work/comfort_index/comfort_index/output/comfortwx_verify_plains_gfs_seamless_noaa_urma_rtma_d2_policy_experimental_all_leads_softer_score_diff_20250115.png,/home/runner/work/comfort_index/comfort_index/output/comfortwx_verify_plains_gfs_seamless_noaa_urma_rtma_d2_policy_experimental_all_leads_softer_absolute_error_20250115.png,/home/runner/work/comfort_index/comfort_index/output/comfortwx_verify_plains_gfs_seamless_noaa_urma_rtma_d2_policy_experimental_all_leads_softer_category_disagreement_20250115.png,/home/runner/work/comfort_index/comfort_index/output/comfortwx_verify_plains_gfs_seamless_noaa_urma_rtma_d2_policy_experimental_all_leads_softer_missed_high_comfort_20250115.png,/home/runner/work/comfort_index/comfort_index/output/comfortwx_verify_plains_gfs_seamless_noaa_urma_rtma_d2_policy_experimental_all_leads_softer_false_high_comfort_20250115.png,/home/runner/work/comfort_index/comfort_index/output/comfortwx_verify_plains_gfs_seamless_noaa_urma_rtma_d2_policy_experimental_all_leads_softer_forecast_daily_fields_20250115.nc,/home/runner/work/comfort_index/comfort_index/output/comfortwx_verify_plains_gfs_seamless_noaa_urma_rtma_d2_policy_experimental_all_leads_softer_analysis_daily_fields_20250115.nc,/home/runner/work/comfort_index/comfort_index/output/comfortwx_verify_plains_gfs_seamless_noaa_urma_rtma_d2_policy_experimental_all_leads_softer_summary_20250115.csv,/home/runner/work/comfort_index/comfort_index/output/comfortwx_verify_plains_gfs_seamless_noaa_urma_rtma_d2_policy_experimental_all_leads_softer_points_20250115.csv,/home/runner/work/comfort_index/comfort_index/output/comfortwx_verify_plains_gfs_seamless_noaa_urma_rtma_d2_policy_experimental_all_leads_softer_components_20250115.csv,/home/runner/work/comfort_index/comfort_index/output/comfortwx_verify_plains_gfs_seamless_noaa_urma_rtma_d2_policy_experimental_all_leads_softer_20250115_openmeteo_request_summary.csv,/home/runner/work/comfort_index/comfort_index/output/comfortwx_verify_plains_gfs_seamless_noaa_urma_rtma_d2_policy_experimental_all_leads_softer_20250115_openmeteo_request_detail.csv,3.0,True,True,True,True,pass,8.75,0.88,5.5,0.0,0.0,0.0,0.0
2025-01-15,plains,3,Open-Meteo Previous Runs (gfs_seamless),noaa urma,2025-01-12T12:00,standard,104,experimental_all_leads_softer,very_soft_reliability,13,8,41.88,42.2,-0.32,8.33,10.67,28.46,0.6635,0.9519,0.3365,3,4,0,1,0.75,1.0,44,52,4.0,4.0,69,26,6.0,-0.625,1.457,-0.057,0.758,0.789,1.801,-1.597,2.305,-0.172,1.258,-0.956,2.543,0.812,1.908,-0.193,7.188,-0.107,7.568,-0.774,7.62,-0.648,3.889,-0.122,1.899,focused-mae,fresh,plains,2025-01-15,ok,/home/runner/work/comfort_index/comfort_index/output/comfortwx_verify_plains_gfs_seamless_noaa_urma_rtma_d3_policy_experimental_all_leads_softer_forecast_score_20250115.png,/home/runner/work/comfort_index/comfort_index/output/comfortwx_verify_plains_gfs_seamless_noaa_urma_rtma_d3_policy_experimental_all_leads_softer_analysis_score_20250115.png,/home/runner/work/comfort_index/comfort_index/output/comfortwx_verify_plains_gfs_seamless_noaa_urma_rtma_d3_policy_experimental_all_leads_softer_score_diff_20250115.png,/home/runner/work/comfort_index/comfort_index/output/comfortwx_verify_plains_gfs_seamless_noaa_urma_rtma_d3_policy_experimental_all_leads_softer_absolute_error_20250115.png,/home/runner/work/comfort_index/comfort_index/output/comfortwx_verify_plains_gfs_seamless_noaa_urma_rtma_d3_policy_experimental_all_leads_softer_category_disagreement_20250115.png,/home/runner/work/comfort_index/comfort_index/output/comfortwx_verify_plains_gfs_seamless_noaa_urma_rtma_d3_policy_experimental_all_leads_softer_missed_high_comfort_20250115.png,/home/runner/work/comfort_index/comfort_index/output/comfortwx_verify_plains_gfs_seamless_noaa_urma_rtma_d3_policy_experimental_all_leads_softer_false_high_comfort_20250115.png,/home/runner/work/comfort_index/comfort_index/output/comfortwx_verify_plains_gfs_seamless_noaa_urma_rtma_d3_policy_experimental_all_leads_softer_forecast_daily_fields_20250115.nc,/home/runner/work/comfort_index/comfort_index/output/comfortwx_verify_plains_gfs_seamless_noaa_urma_rtma_d3_policy_experimental_all_leads_softer_analysis_daily_fields_20250115.nc,/home/runner/work/comfort_index/comfort_index/output/comfortwx_verify_plains_gfs_seamless_noaa_urma_rtma_d3_policy_experimental_all_leads_softer_summary_20250115.csv,/home/runner/work/comfort_index/comfort_index/output/comfortwx_verify_plains_gfs_seamless_noaa_urma_rtma_d3_policy_experimental_all_leads_softer_points_20250115.csv,/home/runner/work/comfort_index/comfort_index/output/comfortwx_verify_plains_gfs_seamless_noaa_urma_rtma_d3_policy_experimental_all_leads_softer_components_20250115.csv,/home/runner/work/comfort_index/comfort_index/output/comfortwx_verify_plains_gfs_seamless_noaa_urma_rtma_d3_policy_experimental_all_leads_softer_20250115_openmeteo_request_summary.csv,/home/runner/work/comfort_index/comfort_index/output/comfortwx_verify_plains_gfs_seamless_noaa_urma_rtma_d3_policy_experimental_all_leads_softer_20250115_openmeteo_request_detail.csv,3.0,True,True,True,True,pass,9.5,0.86,6.0,0.0,0.0,0.0,0.0
2025-01-15,plains,7,Open-Meteo Previous Runs (gfs_seamless),noaa urma,2025-01-08T12:00,standard,104,experimental_all_leads_softer,very_soft_reliability,13,8,43.56,42.2,1.37,11.45,14.2,42.7,0.5385,0.9038,0.4615,3,0,3,0,,0.0,62,38,4.0,,69,26,6.0,-1.708,2.87,-0.08,1.418,1.298,2.421,-2.337,2.841,0.123,1.319,0.475,3.095,-0.403,1.412,0.714,11.272,1.037,11.238,0.812,10.771,-2.538,5.882,-1.115,1.551,focused-mae,fresh,plains,2025-01-15,ok,/home/runner/work/comfort_index/comfort_index/output/comfortwx_verify_plains_gfs_seamless_noaa_urma_rtma_d7_policy_experimental_all_leads_softer_forecast_score_20250115.png,/home/runner/work/comfort_index/comfort_index/output/comfortwx_verify_plains_gfs_seamless_noaa_urma_rtma_d7_policy_experimental_all_leads_softer_analysis_score_20250115.png,/home/runner/work/comfort_index/comfort_index/output/comfortwx_verify_plains_gfs_seamless_noaa_urma_rtma_d7_policy_experimental_all_leads_softer_score_diff_20250115.png,/home/runner/work/comfort_index/comfort_index/output/comfortwx_verify_plains_gfs_seamless_noaa_urma_rtma_d7_policy_experimental_all_leads_softer_absolute_error_20250115.png,/home/runner/work/comfort_index/comfort_index/output/comfortwx_verify_plains_gfs_seamless_noaa_urma_rtma_d7_policy_experimental_all_leads_softer_category_disagreement_20250115.png,/home/runner/work/comfort_index/comfort_index/output/comfortwx_verify_plains_gfs_seamless_noaa_urma_rtma_d7_policy_experimental_all_leads_softer_missed_high_comfort_20250115.png,/home/runner/work/comfort_index/comfort_index/output/comfortwx_verify_plains_gfs_seamless_noaa_urma_rtma_d7_policy_experimental_all_leads_softer_false_high_comfort_20250115.png,/home/runner/work/comfort_index/comfort_index/output/comfortwx_verify_plains_gfs_seamless_noaa_urma_rtma_d7_policy_experimental_all_leads_softer_forecast_daily_fields_20250115.nc,/home/runner/work/comfort_index/comfort_index/output/comfortwx_verify_plains_gfs_seamless_noaa_urma_rtma_d7_policy_experimental_all_leads_softer_analysis_daily_fields_20250115.nc,/home/runner/work/comfort_index/comfort_index/output/comfortwx_verify_plains_gfs_seamless_noaa_urma_rtma_d7_policy_experimental_all_leads_softer_summary_20250115.csv,/home/runner/work/comfort_index/comfort_index/output/comfortwx_verify_plains_gfs_seamless_noaa_urma_rtma_d7_policy_experimental_all_leads_softer_points_20250115.csv,/home/runner/work/comfort_index/comfort_index/output/comfortwx_verify_plains_gfs_seamless_noaa_urma_rtma_d7_policy_experimental_all_leads_softer_components_20250115.csv,/home/runner/work/comfort_index/comfort_index/output/comfortwx_verify_plains_gfs_seamless_noaa_urma_rtma_d7_policy_experimental_all_leads_softer_20250115_openmeteo_request_summary.csv,/home/runner/work/comfort_index/comfort_index/output/comfortwx_verify_plains_gfs_seamless_noaa_urma_rtma_d7_policy_experimental_all_leads_softer_20250115_openmeteo_request_detail.csv,3.0,True,True,True,True,pass,11.5,0.83,7.0,0.0,0.0,0.0,0.0
2025-03-20,plains,1,Open-Meteo Previous Runs (gfs_seamless),noaa urma,2025-03-19T12:00,standard,104,experimental_all_leads_softer,very_soft_reliability,13,8,51.11,51.73,-0.62,4.71,6.15,16.69,0.75,0.9615,0.25,6,6,1,1,0.8333,0.8333,43,37,18.0,6.0,41,36,21.0,0.458,1.765,0.233,0.421,-0.138,1.248,-2.517,2.661,0.109,0.135,-1.771,1.983,-0.089,1.133,-0.55,4.956,-0.621,5.108,-1.524,4.915,0.862,3.224,-0.01,0.46,focused-mae,fresh,plains,2025-03-20,ok,/home/runner/work/comfort_index/comfort_index/output/comfortwx_verify_plains_gfs_seamless_noaa_urma_rtma_d1_policy_experimental_all_leads_softer_forecast_score_20250320.png,/home/runner/work/comfort_index/comfort_index/output/comfortwx_verify_plains_gfs_seamless_noaa_urma_rtma_d1_policy_experimental_all_leads_softer_analysis_score_20250320.png,/home/runner/work/comfort_index/comfort_index/output/comfortwx_verify_plains_gfs_seamless_noaa_urma_rtma_d1_policy_experimental_all_leads_softer_score_diff_20250320.png,/home/runner/work/comfort_index/comfort_index/output/comfortwx_verify_plains_gfs_seamless_noaa_urma_rtma_d1_policy_experimental_all_leads_softer_absolute_error_20250320.png,/home/runner/work/comfort_index/comfort_index/output/comfortwx_verify_plains_gfs_seamless_noaa_urma_rtma_d1_policy_experimental_all_leads_softer_category_disagreement_20250320.png,/home/runner/work/comfort_index/comfort_index/output/comfortwx_verify_plains_gfs_seamless_noaa_urma_rtma_d1_policy_experimental_all_leads_softer_missed_high_comfort_20250320.png,/home/runner/work/comfort_index/comfort_index/output/comfortwx_verify_plains_gfs_seamless_noaa_urma_rtma_d1_policy_experimental_all_leads_softer_false_high_comfort_20250320.png,/home/runner/work/comfort_index/comfort_index/output/comfortwx_verify_plains_gfs_seamless_noaa_urma_rtma_d1_policy_experimental_all_leads_softer_forecast_daily_fields_20250320.nc,/home/runner/work/comfort_index/comfort_index/output/comfortwx_verify_plains_gfs_seamless_noaa_urma_rtma_d1_policy_experimental_all_leads_softer_analysis_daily_fields_20250320.nc,/home/runner/work/comfort_index/comfort_index/output/comfortwx_verify_plains_gfs_seamless_noaa_urma_rtma_d1_policy_experimental_all_leads_softer_summary_20250320.csv,/home/runner/work/comfort_index/comfort_index/output/comfortwx_verify_plains_gfs_seamless_noaa_urma_rtma_d1_policy_experimental_all_leads_softer_points_20250320.csv,/home/runner/work/comfort_index/comfort_index/output/comfortwx_verify_plains_gfs_seamless_noaa_urma_rtma_d1_policy_experimental_all_leads_softer_components_20250320.csv,/home/runner/work/comfort_index/comfort_index/output/comfortwx_verify_plains_gfs_seamless_noaa_urma_rtma_d1_policy_experimental_all_leads_softer_20250320_openmeteo_request_summary.csv,/home/runner/work/comfort_index/comfort_index/output/comfortwx_verify_plains_gfs_seamless_noaa_urma_rtma_d1_policy_experimental_all_leads_softer_20250320_openmeteo_request_detail.csv,6.0,True,True,True,True,pass,8.0,0.9,5.0,0.0,0.0,0.0,0.0
2025-03-20,plains,2,Open-Meteo Previous Runs (gfs_seamless),noaa urma,2025-03-18T12:00,standard,104,experimental_all_leads_softer,very_soft_reliability,13,8,51.75,51.73,0.02,5.12,6.54,20.52,0.7019,0.9712,0.2981,6,9,0,3,0.6667,1.0,46,21,28.0,9.0,41,36,21.0,0.006,2.244,0.261,0.555,0.084,1.251,-2.707,2.936,-0.018,0.176,-1.81,2.05,-0.763,1.062,-0.439,5.525,-0.503,5.746,-1.408,5.63,2.914,4.196,-0.18,0.382,focused-mae,fresh,plains,2025-03-20,ok,/home/runner/work/comfort_index/comfort_index/output/comfortwx_verify_plains_gfs_seamless_noaa_urma_rtma_d2_policy_experimental_all_leads_softer_forecast_score_20250320.png,/home/runner/work/comfort_index/comfort_index/output/comfortwx_verify_plains_gfs_seamless_noaa_urma_rtma_d2_policy_experimental_all_leads_softer_analysis_score_20250320.png,/home/runner/work/comfort_index/comfort_index/output/comfortwx_verify_plains_gfs_seamless_noaa_urma_rtma_d2_policy_experimental_all_leads_softer_score_diff_20250320.png,/home/runner/work/comfort_index/comfort_index/output/comfortwx_verify_plains_gfs_seamless_noaa_urma_rtma_d2_policy_experimental_all_leads_softer_absolute_error_20250320.png,/home/runner/work/comfort_index/comfort_index/output/comfortwx_verify_plains_gfs_seamless_noaa_urma_rtma_d2_policy_experimental_all_leads_softer_category_disagreement_20250320.png,/home/runner/work/comfort_index/comfort_index/output/comfortwx_verify_plains_gfs_seamless_noaa_urma_rtma_d2_policy_experimental_all_leads_softer_missed_high_comfort_20250320.png,/home/runner/work/comfort_index/comfort_index/output/comfortwx_verify_plains_gfs_seamless_noaa_urma_rtma_d2_policy_experimental_all_leads_softer_false_high_comfort_20250320.png,/home/runner/work/comfort_index/comfort_index/output/comfortwx_verify_plains_gfs_seamless_noaa_urma_rtma_d2_policy_experimental_all_leads_softer_forecast_daily_fields_20250320.nc,/home/runner/work/comfort_index/comfort_index/output/comfortwx_verify_plains_gfs_seamless_noaa_urma_rtma_d2_policy_experimental_all_leads_softer_analysis_daily_fields_20250320.nc,/home/runner/work/comfort_index/comfort_index/output/comfortwx_verify_plains_gfs_seamless_noaa_urma_rtma_d2_policy_experimental_all_leads_softer_summary_20250320.csv,/home/runner/work/comfort_index/comfort_index/output/comfortwx_verify_plains_gfs_seamless_noaa_urma_rtma_d2_policy_experimental_all_leads_softer_points_20250320.csv,/home/runner/work/comfort_index/comfort_index/output/comfortwx_verify_plains_gfs_seamless_noaa_urma_rtma_d2_policy_experimental_all_leads_softer_components_20250320.csv,/home/runner/work/comfort_index/comfort_index/output/comfortwx_verify_plains_gfs_seamless_noaa_urma_rtma_d2_policy_experimental_all_leads_softer_20250320_openmeteo_request_summary.csv,/home/runner/work/comfort_index/comfort_index/output/comfortwx_verify_plains_gfs_seamless_noaa_urma_rtma_d2_policy_experimental_all_leads_softer_20250320_openmeteo_request_detail.csv,6.0,True,True,True,True,pass,8.75,0.88,5.5,0.0,0.0,0.0,0.0
2025-03-20,plains,3,Open-Meteo Previous Runs (gfs_seamless),noaa urma,2025-03-17T12:00,standard,104,experimental_all_leads_softer,very_soft_reliability,13,8,52.52,51.73,0.79,5.51,6.95,26.21,0.6827,0.9712,0.3173,6,10,3,7,0.3,0.5,46,23,25.0,10.0,41,36,21.0,0.545,2.678,0.032,0.528,0.053,1.599,-2.555,2.856,0.048,0.201,-1.294,1.767,-0.808,1.24,0.21,5.454,-0.028,5.657,-0.351,5.92,3.349,5.431,-0.258,0.365,focused-mae,fresh,plains,2025-03-20,ok,/home/runner/work/comfort_index/comfort_index/output/comfortwx_verify_plains_gfs_seamless_noaa_urma_rtma_d3_policy_experimental_all_leads_softer_forecast_score_20250320.png,/home/runner/work/comfort_index/comfort_index/output/comfortwx_verify_plains_gfs_seamless_noaa_urma_rtma_d3_policy_experimental_all_leads_softer_analysis_score_20250320.png,/home/runner/work/comfort_index/comfort_index/output/comfortwx_verify_plains_gfs_seamless_noaa_urma_rtma_d3_policy_experimental_all_leads_softer_score_diff_20250320.png,/home/runner/work/comfort_index/comfort_index/output/comfortwx_verify_plains_gfs_seamless_noaa_urma_rtma_d3_policy_experimental_all_leads_softer_absolute_error_20250320.png,/home/runner/work/comfort_index/comfort_index/output/comfortwx_verify_plains_gfs_seamless_noaa_urma_rtma_d3_policy_experimental_all_leads_softer_category_disagreement_20250320.png,/home/runner/work/comfort_index/comfort_index/output/comfortwx_verify_plains_gfs_seamless_noaa_urma_rtma_d3_policy_experimental_all_leads_softer_missed_high_comfort_20250320.png,/home/runner/work/comfort_index/comfort_index/output/comfortwx_verify_plains_gfs_seamless_noaa_urma_rtma_d3_policy_experimental_all_leads_softer_false_high_comfort_20250320.png,/home/runner/work/comfort_index/comfort_index/output/comfortwx_verify_plains_gfs_seamless_noaa_urma_rtma_d3_policy_experimental_all_leads_softer_forecast_daily_fields_20250320.nc,/home/runner/work/comfort_index/comfort_index/output/comfortwx_verify_plains_gfs_seamless_noaa_urma_rtma_d3_policy_experimental_all_leads_softer_analysis_daily_fields_20250320.nc,/home/runner/work/comfort_index/comfort_index/output/comfortwx_verify_plains_gfs_seamless_noaa_urma_rtma_d3_policy_experimental_all_leads_softer_summary_20250320.csv,/home/runner/work/comfort_index/comfort_index/output/comfortwx_verify_plains_gfs_seamless_noaa_urma_rtma_d3_policy_experimental_all_leads_softer_points_20250320.csv,/home/runner/work/comfort_index/comfort_index/output/comfortwx_verify_plains_gfs_seamless_noaa_urma_rtma_d3_policy_experimental_all_leads_softer_components_20250320.csv,/home/runner/work/comfort_index/comfort_index/output/comfortwx_verify_plains_gfs_seamless_noaa_urma_rtma_d3_policy_experimental_all_leads_softer_20250320_openmeteo_request_summary.csv,/home/runner/work/comfort_index/comfort_index/output/comfortwx_verify_plains_gfs_seamless_noaa_urma_rtma_d3_policy_experimental_all_leads_softer_20250320_openmeteo_request_detail.csv,6.0,True,True,True,True,pass,9.5,0.86,6.0,0.0,0.0,0.0,0.0
2025-03-20,plains,7,Open-Meteo Previous Runs (gfs_seamless),noaa urma,2025-03-13T12:00,standard,104,experimental_all_leads_softer,very_soft_reliability,13,8,53.86,51.73,2.13,7.21,9.15,24.27,0.5481,0.9423,0.4519,6,8,2,4,0.5,0.6667,38,32,26.0,8.0,41,36,21.0,0.164,3.221,0.073,0.499,0.586,2.152,-1.764,2.337,0.004,0.281,-0.515,2.104,-1.102,1.741,0.942,7.487,1.158,7.526,1.662,7.238,4.042,6.057,-0.337,0.484,focused-mae,fresh,plains,2025-03-20,ok,/home/runner/work/comfort_index/comfort_index/output/comfortwx_verify_plains_gfs_seamless_noaa_urma_rtma_d7_policy_experimental_all_leads_softer_forecast_score_20250320.png,/home/runner/work/comfort_index/comfort_index/output/comfortwx_verify_plains_gfs_seamless_noaa_urma_rtma_d7_policy_experimental_all_leads_softer_analysis_score_20250320.png,/home/runner/work/comfort_index/comfort_index/output/comfortwx_verify_plains_gfs_seamless_noaa_urma_rtma_d7_policy_experimental_all_leads_softer_score_diff_20250320.png,/home/runner/work/comfort_index/comfort_index/output/comfortwx_verify_plains_gfs_seamless_noaa_urma_rtma_d7_policy_experimental_all_leads_softer_absolute_error_20250320.png,/home/runner/work/comfort_index/comfort_index/output/comfortwx_verify_plains_gfs_seamless_noaa_urma_rtma_d7_policy_experimental_all_leads_softer_category_disagreement_20250320.png,/home/runner/work/comfort_index/comfort_index/output/comfortwx_verify_plains_gfs_seamless_noaa_urma_rtma_d7_policy_experimental_all_leads_softer_missed_high_comfort_20250320.png,/home/runner/work/comfort_index/comfort_index/output/comfortwx_verify_plains_gfs_seamless_noaa_urma_rtma_d7_policy_experimental_all_leads_softer_false_high_comfort_20250320.png,/home/runner/work/comfort_index/comfort_index/output/comfortwx_verify_plains_gfs_seamless_noaa_urma_rtma_d7_policy_experimental_all_leads_softer_forecast_daily_fields_20250320.nc,/home/runner/work/comfort_index/comfort_index/output/comfortwx_verify_plains_gfs_seamless_noaa_urma_rtma_d7_policy_experimental_all_leads_softer_analysis_daily_fields_20250320.nc,/home/runner/work/comfort_index/comfort_index/output/comfortwx_verify_plains_gfs_seamless_noaa_urma_rtma_d7_policy_experimental_all_leads_softer_summary_20250320.csv,/home/runner/work/comfort_index/comfort_index/output/comfortwx_verify_plains_gfs_seamless_noaa_urma_rtma_d7_policy_experimental_all_leads_softer_points_20250320.csv,/home/runner/work/comfort_index/comfort_index/output/comfortwx_verify_plains_gfs_seamless_noaa_urma_rtma_d7_policy_experimental_all_leads_softer_components_20250320.csv,/home/runner/work/comfort_index/comfort_index/output/comfortwx_verify_plains_gfs_seamless_noaa_urma_rtma_d7_policy_experimental_all_leads_softer_20250320_openmeteo_request_summary.csv,/home/runner/work/comfort_index/comfort_index/output/comfortwx_verify_plains_gfs_seamless_noaa_urma_rtma_d7_policy_experimental_all_leads_softer_20250320_openmeteo_request_detail.csv,6.0,True,True,True,True,pass,11.5,0.83,7.0,0.0,0.0,0.0,0.0
2025-01-15,northeast,1,Open-Meteo Previous Runs (gfs_seamless),noaa urma,2025-01-14T12:00,standard,63,experimental_all_leads_softer,very_soft_reliability,7,9,28.39,28.34,0.05,4.95,6.36,16.63,0.9206,1.0,0.0794,0,0,0,0,,,57,6,,,60,3,,-0.181,0.209,-0.08,0.399,-0.333,1.151,-1.277,1.579,1.275,1.479,-1.334,2.005,0.296,1.032,-1.405,5.368,-0.647,4.956,0.115,4.311,0.557,0.892,-0.954,1.714,focused-mae,fresh,northeast,2025-01-15,ok,/home/runner/work/comfort_index/comfort_index/output/comfortwx_verify_northeast_gfs_seamless_noaa_urma_rtma_d1_policy_experimental_all_leads_softer_forecast_score_20250115.png,/home/runner/work/comfort_index/comfort_index/output/comfortwx_verify_northeast_gfs_seamless_noaa_urma_rtma_d1_policy_experimental_all_leads_softer_analysis_score_20250115.png,/home/runner/work/comfort_index/comfort_index/output/comfortwx_verify_northeast_gfs_seamless_noaa_urma_rtma_d1_policy_experimental_all_leads_softer_score_diff_20250115.png,/home/runner/work/comfort_index/comfort_index/output/comfortwx_verify_northeast_gfs_seamless_noaa_urma_rtma_d1_policy_experimental_all_leads_softer_absolute_error_20250115.png,/home/runner/work/comfort_index/comfort_index/output/comfortwx_verify_northeast_gfs_seamless_noaa_urma_rtma_d1_policy_experimental_all_leads_softer_category_disagreement_20250115.png,/home/runner/work/comfort_index/comfort_index/output/comfortwx_verify_northeast_gfs_seamless_noaa_urma_rtma_d1_policy_experimental_all_leads_softer_missed_high_comfort_20250115.png,/home/runner/work/comfort_index/comfort_index/output/comfortwx_verify_northeast_gfs_seamless_noaa_urma_rtma_d1_policy_experimental_all_leads_softer_false_high_comfort_20250115.png,/home/runner/work/comfort_index/comfort_index/output/comfortwx_verify_northeast_gfs_seamless_noaa_urma_rtma_d1_policy_experimental_all_leads_softer_forecast_daily_fields_20250115.nc,/home/runner/work/comfort_index/comfort_index/output/comfortwx_verify_northeast_gfs_seamless_noaa_urma_rtma_d1_policy_experimental_all_leads_softer_analysis_daily_fields_20250115.nc,/home/runner/work/comfort_index/comfort_index/output/comfortwx_verify_northeast_gfs_seamless_noaa_urma_rtma_d1_policy_experimental_all_leads_softer_summary_20250115.csv,/home/runner/work/comfort_index/comfort_index/output/comfortwx_verify_northeast_gfs_seamless_noaa_urma_rtma_d1_policy_experimental_all_leads_softer_points_20250115.csv,/home/runner/work/comfort_index/comfort_index/output/comfortwx_verify_northeast_gfs_seamless_noaa_urma_rtma_d1_policy_experimental_all_leads_softer_components_20250115.csv,/home/runner/work/comfort_index/comfort_index/output/comfortwx_verify_northeast_gfs_seamless_noaa_urma_rtma_d1_policy_experimental_all_leads_softer_20250115_openmeteo_request_summary.csv,/home/runner/work/comfort_index/comfort_index/output/comfortwx_verify_northeast_gfs_seamless_noaa_urma_rtma_d1_policy_experimental_all_leads_softer_20250115_openmeteo_request_detail.csv,,True,True,True,True,pass,8.0,0.9,5.0,0.0,0.0,0.0,0.0
2025-01-15,northeast,2,Open-Meteo Previous Runs (gfs_seamless),noaa urma,2025-01-13T12:00,standard,63,experimental_all_leads_softer,very_soft_reliability,7,9,28.9,28.34,0.56,4.09,5.89,27.05,0.9048,1.0,0.0952,0,0,0,0,,,58,5,,,60,3,,-0.159,0.165,0.048,0.281,-0.118,1.074,-0.825,1.513,-0.047,1.486,-1.243,1.901,-0.18,0.808,-0.278,4.69,0.103,4.421,0.215,3.986,0.049,0.67,-0.21,1.458,focused-mae,fresh,northeast,2025-01-15,ok,/home/runner/work/comfort_index/comfort_index/output/comfortwx_verify_northeast_gfs_seamless_noaa_urma_rtma_d2_policy_experimental_all_leads_softer_forecast_score_20250115.png,/home/runner/work/comfort_index/comfort_index/output/comfortwx_verify_northeast_gfs_seamless_noaa_urma_rtma_d2_policy_experimental_all_leads_softer_analysis_score_20250115.png,/home/runner/work/comfort_index/comfort_index/output/comfortwx_verify_northeast_gfs_seamless_noaa_urma_rtma_d2_policy_experimental_all_leads_softer_score_diff_20250115.png,/home/runner/work/comfort_index/comfort_index/output/comfortwx_verify_northeast_gfs_seamless_noaa_urma_rtma_d2_policy_experimental_all_leads_softer_absolute_error_20250115.png,/home/runner/work/comfort_index/comfort_index/output/comfortwx_verify_northeast_gfs_seamless_noaa_urma_rtma_d2_policy_experimental_all_leads_softer_category_disagreement_20250115.png,/home/runner/work/comfort_index/comfort_index/output/comfortwx_verify_northeast_gfs_seamless_noaa_urma_rtma_d2_policy_experimental_all_leads_softer_missed_high_comfort_20250115.png,/home/runner/work/comfort_index/comfort_index/output/comfortwx_verify_northeast_gfs_seamless_noaa_urma_rtma_d2_policy_experimental_all_leads_softer_false_high_comfort_20250115.png,/home/runner/work/comfort_index/comfort_index/output/comfortwx_verify_northeast_gfs_seamless_noaa_urma_rtma_d2_policy_experimental_all_leads_softer_forecast_daily_fields_20250115.nc,/home/runner/work/comfort_index/comfort_index/output/comfortwx_verify_northeast_gfs_seamless_noaa_urma_rtma_d2_policy_experimental_all_leads_softer_analysis_daily_fields_20250115.nc,/home/runner/work/comfort_index/comfort_index/output/comfortwx_verify_northeast_gfs_seamless_noaa_urma_rtma_d2_policy_experimental_all_leads_softer_summary_20250115.csv,/home/runner/work/comfort_index/comfort_index/output/comfortwx_verify_northeast_gfs_seamless_noaa_urma_rtma_d2_policy_experimental_all_leads_softer_points_20250115.csv,/home/runner/work/comfort_index/comfort_index/output/comfortwx_verify_northeast_gfs_seamless_noaa_urma_rtma_d2_policy_experimental_all_leads_softer_components_20250115.csv,/home/runner/work/comfort_index/comfort_index/output/comfortwx_verify_northeast_gfs_seamless_noaa_urma_rtma_d2_policy_experimental_all_leads_softer_20250115_openmeteo_request_summary.csv,/home/runner/work/comfort_index/comfort_index/output/comfortwx_verify_northeast_gfs_seamless_noaa_urma_rtma_d2_policy_experimental_all_leads_softer_20250115_openmeteo_request_detail.csv,,True,True,True,True,pass,8.75,0.88,5.5,0.0,0.0,0.0,0.0
2025-01-15,northeast,3,Open-Meteo Previous Runs (gfs_seamless),noaa urma,2025-01-12T12:00,standard,63,experimental_all_leads_softer,very_soft_reliability,7,9,28.32,28.34,-0.02,4.43,6.31,23.14,0.9524,1.0,0.0476,0,0,0,0,,,57,6,,,60,3,,-0.047,0.106,0.108,0.247,-0.363,1.041,-0.871,1.482,-0.097,1.448,-1.644,2.008,0.023,0.794,-0.85,5.499,-0.377,4.982,-0.537,4.336,0.027,0.765,-0.118,1.503,focused-mae,fresh,northeast,2025-01-15,ok,/home/runner/work/comfort_index/comfort_index/output/comfortwx_verify_northeast_gfs_seamless_noaa_urma_rtma_d3_policy_experimental_all_leads_softer_forecast_score_20250115.png,/home/runner/work/comfort_index/comfort_index/output/comfortwx_verify_northeast_gfs_seamless_noaa_urma_rtma_d3_policy_experimental_all_leads_softer_analysis_score_20250115.png,/home/runner/work/comfort_index/comfort_index/output/comfortwx_verify_northeast_gfs_seamless_noaa_urma_rtma_d3_policy_experimental_all_leads_softer_score_diff_20250115.png,/home/runner/work/comfort_index/comfort_index/output/comfortwx_verify_northeast_gfs_seamless_noaa_urma_rtma_d3_policy_experimental_all_leads_softer_absolute_error_20250115.png,/home/runner/work/comfort_index/comfort_index/output/comfortwx_verify_northeast_gfs_seamless_noaa_urma_rtma_d3_policy_experimental_all_leads_softer_category_disagreement_20250115.png,/home/runner/work/comfort_index/comfort_index/output/comfortwx_verify_northeast_gfs_seamless_noaa_urma_rtma_d3_policy_experimental_all_leads_softer_missed_high_comfort_20250115.png,/home/runner/work/comfort_index/comfort_index/output/comfortwx_verify_northeast_gfs_seamless_noaa_urma_rtma_d3_policy_experimental_all_leads_softer_false_high_comfort_20250115.png,/home/runner/work/comfort_index/comfort_index/output/comfortwx_verify_northeast_gfs_seamless_noaa_urma_rtma_d3_policy_experimental_all_leads_softer_forecast_daily_fields_20250115.nc,/home/runner/work/comfort_index/comfort_index/output/comfortwx_verify_northeast_gfs_seamless_noaa_urma_rtma_d3_policy_experimental_all_leads_softer_analysis_daily_fields_20250115.nc,/home/runner/work/comfort_index/comfort_index/output/comfortwx_verify_northeast_gfs_seamless_noaa_urma_rtma_d3_policy_experimental_all_leads_softer_summary_20250115.csv,/home/runner/work/comfort_index/comfort_index/output/comfortwx_verify_northeast_gfs_seamless_noaa_urma_rtma_d3_policy_experimental_all_leads_softer_points_20250115.csv,/home/runner/work/comfort_index/comfort_index/output/comfortwx_verify_northeast_gfs_seamless_noaa_urma_rtma_d3_policy_experimental_all_leads_softer_components_20250115.csv,/home/runner/work/comfort_index/comfort_index/output/comfortwx_verify_northeast_gfs_seamless_noaa_urma_rtma_d3_policy_experimental_all_leads_softer_20250115_openmeteo_request_summary.csv,/home/runner/work/comfort_index/comfort_index/output/comfortwx_verify_northeast_gfs_seamless_noaa_urma_rtma_d3_policy_experimental_all_leads_softer_20250115_openmeteo_request_detail.csv,,True,True,True,True,pass,9.5,0.86,6.0,0.0,0.0,0.0,0.0
2025-01-15,northeast,7,Open-Meteo Previous Runs (gfs_seamless),noaa urma,2025-01-08T12:00,standard,63,experimental_all_leads_softer,very_soft_reliability,7,9,28.48,28.34,0.14,4.87,6.49,23.47,0.8571,1.0,0.1429,0,0,0,0,,,57,6,,,60,3,,-0.238,0.245,-0.065,0.48,0.266,1.097,-1.582,2.037,-0.479,1.647,-1.35,2.402,-0.782,1.268,-2.361,6.309,-1.342,6.26,-0.224,5.447,0.206,0.738,-0.337,1.314,focused-mae,fresh,northeast,2025-01-15,ok,/home/runner/work/comfort_index/comfort_index/output/comfortwx_verify_northeast_gfs_seamless_noaa_urma_rtma_d7_policy_experimental_all_leads_softer_forecast_score_20250115.png,/home/runner/work/comfort_index/comfort_index/output/comfortwx_verify_northeast_gfs_seamless_noaa_urma_rtma_d7_policy_experimental_all_leads_softer_analysis_score_20250115.png,/home/runner/work/comfort_index/comfort_index/output/comfortwx_verify_northeast_gfs_seamless_noaa_urma_rtma_d7_policy_experimental_all_leads_softer_score_diff_20250115.png,/home/runner/work/comfort_index/comfort_index/output/comfortwx_verify_northeast_gfs_seamless_noaa_urma_rtma_d7_policy_experimental_all_leads_softer_absolute_error_20250115.png,/home/runner/work/comfort_index/comfort_index/output/comfortwx_verify_northeast_gfs_seamless_noaa_urma_rtma_d7_policy_experimental_all_leads_softer_category_disagreement_20250115.png,/home/runner/work/comfort_index/comfort_index/output/comfortwx_verify_northeast_gfs_seamless_noaa_urma_rtma_d7_policy_experimental_all_leads_softer_missed_high_comfort_20250115.png,/home/runner/work/comfort_index/comfort_index/output/comfortwx_verify_northeast_gfs_seamless_noaa_urma_rtma_d7_policy_experimental_all_leads_softer_false_high_comfort_20250115.png,/home/runner/work/comfort_index/comfort_index/output/comfortwx_verify_northeast_gfs_seamless_noaa_urma_rtma_d7_policy_experimental_all_leads_softer_forecast_daily_fields_20250115.nc,/home/runner/work/comfort_index/comfort_index/output/comfortwx_verify_northeast_gfs_seamless_noaa_urma_rtma_d7_policy_experimental_all_leads_softer_analysis_daily_fields_20250115.nc,/home/runner/work/comfort_index/comfort_index/output/comfortwx_verify_northeast_gfs_seamless_noaa_urma_rtma_d7_policy_experimental_all_leads_softer_summary_20250115.csv,/home/runner/work/comfort_index/comfort_index/output/comfortwx_verify_northeast_gfs_seamless_noaa_urma_rtma_d7_policy_experimental_all_leads_softer_points_20250115.csv,/home/runner/work/comfort_index/comfort_index/output/comfortwx_verify_northeast_gfs_seamless_noaa_urma_rtma_d7_policy_experimental_all_leads_softer_components_20250115.csv,/home/runner/work/comfort_index/comfort_index/output/comfortwx_verify_northeast_gfs_seamless_noaa_urma_rtma_d7_policy_experimental_all_leads_softer_20250115_openmeteo_request_summary.csv,/home/runner/work/comfort_index/comfort_index/output/comfortwx_verify_northeast_gfs_seamless_noaa_urma_rtma_d7_policy_experimental_all_leads_softer_20250115_openmeteo_request_detail.csv,,True,True,True,True,pass,11.5,0.83,7.0,0.0,0.0,0.0,0.0
2025-03-20,northeast,1,Open-Meteo Previous Runs (gfs_seamless),noaa urma,2025-03-19T12:00,standard,63,experimental_all_leads_softer,very_soft_reliability,7,9,34.54,40.1,-5.56,9.98,12.37,30.84,0.6984,0.9524,0.3016,2,2,2,2,0.0,0.0,46,9,6.0,2.0,43,9,9.0,-1.461,2.196,0.392,2.163,-0.588,1.538,-2.489,2.554,-0.134,1.214,-2.861,3.241,1.788,1.932,-6.095,10.628,-5.342,10.118,-3.864,8.449,-3.105,6.086,0.93,1.672,focused-mae,fresh,northeast,2025-03-20,ok,/home/runner/work/comfort_index/comfort_index/output/comfortwx_verify_northeast_gfs_seamless_noaa_urma_rtma_d1_policy_experimental_all_leads_softer_forecast_score_20250320.png,/home/runner/work/comfort_index/comfort_index/output/comfortwx_verify_northeast_gfs_seamless_noaa_urma_rtma_d1_policy_experimental_all_leads_softer_analysis_score_20250320.png,/home/runner/work/comfort_index/comfort_index/output/comfortwx_verify_northeast_gfs_seamless_noaa_urma_rtma_d1_policy_experimental_all_leads_softer_score_diff_20250320.png,/home/runner/work/comfort_index/comfort_index/output/comfortwx_verify_northeast_gfs_seamless_noaa_urma_rtma_d1_policy_experimental_all_leads_softer_absolute_error_20250320.png,/home/runner/work/comfort_index/comfort_index/output/comfortwx_verify_northeast_gfs_seamless_noaa_urma_rtma_d1_policy_experimental_all_leads_softer_category_disagreement_20250320.png,/home/runner/work/comfort_index/comfort_index/output/comfortwx_verify_northeast_gfs_seamless_noaa_urma_rtma_d1_policy_experimental_all_leads_softer_missed_high_comfort_20250320.png,/home/runner/work/comfort_index/comfort_index/output/comfortwx_verify_northeast_gfs_seamless_noaa_urma_rtma_d1_policy_experimental_all_leads_softer_false_high_comfort_20250320.png,/home/runner/work/comfort_index/comfort_index/output/comfortwx_verify_northeast_gfs_seamless_noaa_urma_rtma_d1_policy_experimental_all_leads_softer_forecast_daily_fields_20250320.nc,/home/runner/work/comfort_index/comfort_index/output/comfortwx_verify_northeast_gfs_seamless_noaa_urma_rtma_d1_policy_experimental_all_leads_softer_analysis_daily_fields_20250320.nc,/home/runner/work/comfort_index/comfort_index/output/comfortwx_verify_northeast_gfs_seamless_noaa_urma_rtma_d1_policy_experimental_all_leads_softer_summary_20250320.csv,/home/runner/work/comfort_index/comfort_index/output/comfortwx_verify_northeast_gfs_seamless_noaa_urma_rtma_d1_policy_experimental_all_leads_softer_points_20250320.csv,/home/runner/work/comfort_index/comfort_index/output/comfortwx_verify_northeast_gfs_seamless_noaa_urma_rtma_d1_policy_experimental_all_leads_softer_components_20250320.csv,/home/runner/work/comfort_index/comfort_index/output/comfortwx_verify_northeast_gfs_seamless_noaa_urma_rtma_d1_policy_experimental_all_leads_softer_20250320_openmeteo_request_summary.csv,/home/runner/work/comfort_index/comfort_index/output/comfortwx_verify_northeast_gfs_seamless_noaa_urma_rtma_d1_policy_experimental_all_leads_softer_20250320_openmeteo_request_detail.csv,2.0,False,True,False,False,warn,8.0,0.9,5.0,1.9800000000000004,0.0,0.5599999999999996,6.780000000000001
2025-03-20,northeast,2,Open-Meteo Previous Runs (gfs_seamless),noaa urma,2025-03-18T12:00,standard,63,experimental_all_leads_softer,very_soft_reliability,7,9,33.53,40.1,-6.57,13.18,16.94,45.96,0.6667,0.9206,0.3333,2,2,2,2,0.0,0.0,48,7,6.0,2.0,43,9,9.0,-1.076,2.544,0.642,2.145,-0.215,1.242,-2.506,2.609,-2.04,2.693,-2.084,2.705,1.782,2.057,-6.005,12.564,-5.042,12.112,-3.71,11.415,-3.407,7.656,2.154,3.322,focused-mae,fresh,northeast,2025-03-20,ok,/home/runner/work/comfort_index/comfort_index/output/comfortwx_verify_northeast_gfs_seamless_noaa_urma_rtma_d2_policy_experimental_all_leads_softer_forecast_score_20250320.png,/home/runner/work/comfort_index/comfort_index/output/comfortwx_verify_northeast_gfs_seamless_noaa_urma_rtma_d2_policy_experimental_all_leads_softer_analysis_score_20250320.png,/home/runner/work/comfort_index/comfort_index/output/comfortwx_verify_northeast_gfs_seamless_noaa_urma_rtma_d2_policy_experimental_all_leads_softer_score_diff_20250320.png,/home/runner/work/comfort_index/comfort_index/output/comfortwx_verify_northeast_gfs_seamless_noaa_urma_rtma_d2_policy_experimental_all_leads_softer_absolute_error_20250320.png,/home/runner/work/comfort_index/comfort_index/output/comfortwx_verify_northeast_gfs_seamless_noaa_urma_rtma_d2_policy_experimental_all_leads_softer_category_disagreement_20250320.png,/home/runner/work/comfort_index/comfort_index/output/comfortwx_verify_northeast_gfs_seamless_noaa_urma_rtma_d2_policy_experimental_all_leads_softer_missed_high_comfort_20250320.png,/home/runner/work/comfort_index/comfort_index/output/comfortwx_verify_northeast_gfs_seamless_noaa_urma_rtma_d2_policy_experimental_all_leads_softer_false_high_comfort_20250320.png,/home/runner/work/comfort_index/comfort_index/output/comfortwx_verify_northeast_gfs_seamless_noaa_urma_rtma_d2_policy_experimental_all_leads_softer_forecast_daily_fields_20250320.nc,/home/runner/work/comfort_index/comfort_index/output/comfortwx_verify_northeast_gfs_seamless_noaa_urma_rtma_d2_policy_experimental_all_leads_softer_analysis_daily_fields_20250320.nc,/home/runner/work/comfort_index/comfort_index/output/comfortwx_verify_northeast_gfs_seamless_noaa_urma_rtma_d2_policy_experimental_all_leads_softer_summary_20250320.csv,/home/runner/work/comfort_index/comfort_index/output/comfortwx_verify_northeast_gfs_seamless_noaa_urma_rtma_d2_policy_experimental_all_leads_softer_points_20250320.csv,/home/runner/work/comfort_index/comfort_index/output/comfortwx_verify_northeast_gfs_seamless_noaa_urma_rtma_d2_policy_experimental_all_leads_softer_components_20250320.csv,/home/runner/work/comfort_index/comfort_index/output/comfortwx_verify_northeast_gfs_seamless_noaa_urma_rtma_d2_policy_experimental_all_leads_softer_20250320_openmeteo_request_summary.csv,/home/runner/work/comfort_index/comfort_index/output/comfortwx_verify_northeast_gfs_seamless_noaa_urma_rtma_d2_policy_experimental_all_leads_softer_20250320_openmeteo_request_detail.csv,2.0,False,True,False,False,warn,8.75,0.88,5.5,4.43,0.0,1.0700000000000003,14.895
2025-03-20,northeast,3,Open-Meteo Previous Runs (gfs_seamless),noaa urma,2025-03-17T12:00,standard,63,experimental_all_leads_softer,very_soft_reliability,7,9,31.01,40.1,-9.09,14.44,18.55,46.84,0.6825,0.9524,0.3175,2,0,2,0,,0.0,46,10,7.0,,43,9,9.0,-1.541,2.744,0.672,1.984,-0.807,1.447,-2.487,2.677,-2.01,2.806,-2.951,3.49,2.206,2.473,-8.418,13.812,-7.872,13.648,-6.102,12.316,-4.769,7.098,2.502,3.636,focused-mae,fresh,northeast,2025-03-20,ok,/home/runner/work/comfort_index/comfort_index/output/comfortwx_verify_northeast_gfs_seamless_noaa_urma_rtma_d3_policy_experimental_all_leads_softer_forecast_score_20250320.png,/home/runner/work/comfort_index/comfort_index/output/comfortwx_verify_northeast_gfs_seamless_noaa_urma_rtma_d3_policy_experimental_all_leads_softer_analysis_score_20250320.png,/home/runner/work/comfort_index/comfort_index/output/comfortwx_verify_northeast_gfs_seamless_noaa_urma_rtma_d3_policy_experimental_all_leads_softer_score_diff_20250320.png,/home/runner/work/comfort_index/comfort_index/output/comfortwx_verify_northeast_gfs_seamless_noaa_urma_rtma_d3_policy_experimental_all_leads_softer_absolute_error_20250320.png,/home/runner/work/comfort_index/comfort_index/output/comfortwx_verify_northeast_gfs_seamless_noaa_urma_rtma_d3_policy_experimental_all_leads_softer_category_disagreement_20250320.png,/home/runner/work/comfort_index/comfort_index/output/comfortwx_verify_northeast_gfs_seamless_noaa_urma_rtma_d3_policy_experimental_all_leads_softer_missed_high_comfort_20250320.png,/home/runner/work/comfort_index/comfort_index/output/comfortwx_verify_northeast_gfs_seamless_noaa_urma_rtma_d3_policy_experimental_all_leads_softer_false_high_comfort_20250320.png,/home/runner/work/comfort_index/comfort_index/output/comfortwx_verify_northeast_gfs_seamless_noaa_urma_rtma_d3_policy_experimental_all_leads_softer_forecast_daily_fields_20250320.nc,/home/runner/work/comfort_index/comfort_index/output/comfortwx_verify_northeast_gfs_seamless_noaa_urma_rtma_d3_policy_experimental_all_leads_softer_analysis_daily_fields_20250320.nc,/home/runner/work/comfort_index/comfort_index/output/comfortwx_verify_northeast_gfs_seamless_noaa_urma_rtma_d3_policy_experimental_all_leads_softer_summary_20250320.csv,/home/runner/work/comfort_index/comfort_index/output/comfortwx_verify_northeast_gfs_seamless_noaa_urma_rtma_d3_policy_experimental_all_leads_softer_points_20250320.csv,/home/runner/work/comfort_index/comfort_index/output/comfortwx_verify_northeast_gfs_seamless_noaa_urma_rtma_d3_policy_experimental_all_leads_softer_components_20250320.csv,/home/runner/work/comfort_index/comfort_index/output/comfortwx_verify_northeast_gfs_seamless_noaa_urma_rtma_d3_policy_experimental_all_leads_softer_20250320_openmeteo_request_summary.csv,/home/runner/work/comfort_index/comfort_index/output/comfortwx_verify_northeast_gfs_seamless_noaa_urma_rtma_d3_policy_experimental_all_leads_softer_20250320_openmeteo_request_detail.csv,2.0,False,True,False,False,warn,9.5,0.86,6.0,4.9399999999999995,0.0,3.09,19.455
2025-03-20,northeast,7,Open-Meteo Previous Runs (gfs_seamless),noaa urma,2025-03-13T12:00,standard,63,experimental_all_leads_softer,very_soft_reliability,7,9,30.04,40.1,-10.06,15.45,20.47,53.95,0.6667,0.8571,0.3333,2,1,2,1,0.0,0.0,51,5,6.0,1.0,43,9,9.0,-1.758,4.94,0.557,1.879,-1.418,2.08,-2.469,3.3,-2.596,3.455,-3.309,4.505,2.51,3.785,-11.936,16.412,-10.851,16.441,-8.362,13.632,-5.445,9.364,0.736,3.414,focused-mae,fresh,northeast,2025-03-20,ok,/home/runner/work/comfort_index/comfort_index/output/comfortwx_verify_northeast_gfs_seamless_noaa_urma_rtma_d7_policy_experimental_all_leads_softer_forecast_score_20250320.png,/home/runner/work/comfort_index/comfort_index/output/comfortwx_verify_northeast_gfs_seamless_noaa_urma_rtma_d7_policy_experimental_all_leads_softer_analysis_score_20250320.png,/home/runner/work/comfort_index/comfort_index/output/comfortwx_verify_northeast_gfs_seamless_noaa_urma_rtma_d7_policy_experimental_all_leads_softer_score_diff_20250320.png,/home/runner/work/comfort_index/comfort_index/output/comfortwx_verify_northeast_gfs_seamless_noaa_urma_rtma_d7_policy_experimental_all_leads_softer_absolute_error_20250320.png,/home/runner/work/comfort_index/comfort_index/output/comfortwx_verify_northeast_gfs_seamless_noaa_urma_rtma_d7_policy_experimental_all_leads_softer_category_disagreement_20250320.png,/home/runner/work/comfort_index/comfort_index/output/comfortwx_verify_northeast_gfs_seamless_noaa_urma_rtma_d7_policy_experimental_all_leads_softer_missed_high_comfort_20250320.png,/home/runner/work/comfort_index/comfort_index/output/comfortwx_verify_northeast_gfs_seamless_noaa_urma_rtma_d7_policy_experimental_all_leads_softer_false_high_comfort_20250320.png,/home/runner/work/comfort_index/comfort_index/output/comfortwx_verify_northeast_gfs_seamless_noaa_urma_rtma_d7_policy_experimental_all_leads_softer_forecast_daily_fields_20250320.nc,/home/runner/work/comfort_index/comfort_index/output/comfortwx_verify_northeast_gfs_seamless_noaa_urma_rtma_d7_policy_experimental_all_leads_softer_analysis_daily_fields_20250320.nc,/home/runner/work/comfort_index/comfort_index/output/comfortwx_verify_northeast_gfs_seamless_noaa_urma_rtma_d7_policy_experimental_all_leads_softer_summary_20250320.csv,/home/runner/work/comfort_index/comfort_index/output/comfortwx_verify_northeast_gfs_seamless_noaa_urma_rtma_d7_policy_experimental_all_leads_softer_points_20250320.csv,/home/runner/work/comfort_index/comfort_index/output/comfortwx_verify_northeast_gfs_seamless_noaa_urma_rtma_d7_policy_experimental_all_leads_softer_components_20250320.csv,/home/runner/work/comfort_index/comfort_index/output/comfortwx_verify_northeast_gfs_seamless_noaa_urma_rtma_d7_policy_experimental_all_leads_softer_20250320_openmeteo_request_summary.csv,/home/runner/work/comfort_index/comfort_index/output/comfortwx_verify_northeast_gfs_seamless_noaa_urma_rtma_d7_policy_experimental_all_leads_softer_20250320_openmeteo_request_detail.csv,2.0,False,True,False,False,warn,11.5,0.83,7.0,3.9499999999999993,0.0,3.0600000000000005,16.439999999999998
